,Error,RMSE,R^2
0,physics_err_r_x,97625.21906771346,0.8413439666696737
1,physics_err_r_y,83975.5889256729,0.8401345100964421
2,physics_err_r_z,60727.06298362653,0.9703913022829584
3,physics_err_v_x,80.0019742341875,0.902158355838752
4,physics_err_v_y,112.7049218356815,0.7318442995555214
5,physics_err_v_z,69.49696942492132,0.9449236945668271
